{
  "version": "2020.1",
  "applications": [],
  "platforms": [
    {
      "name": "mz_354_platform"
    }
  ],
  "systems": [
    {
      "name": "mz_354_app_system",
      "platform": "C:/hdl_projects/mz_chron_354/workspace/mz_354_platform/export/mz_354_platform/mz_354_platform.xpfm",
      "sysConfig": "mz_354_platform",
      "applications": [
        {
          "name": "mz_354_app",
          "platform": "C:/hdl_projects/mz_chron_354/workspace/mz_354_platform/export/mz_354_platform/mz_354_platform.xpfm",
          "platformPath": "C:\\hdl_projects\\mz_chron_354\\workspace\\mz_354_platform\\export\\mz_354_platform",
          "sysConfig": "mz_354_platform",
          "domain": "standalone_domain",
          "system": "mz_354_app_system"
        }
      ],
      "platformPath": "C:\\hdl_projects\\mz_chron_354\\workspace\\mz_354_platform\\export\\mz_354_platform"
    }
  ],
  "others": []
}